"Team Memory Systems","What is a team memory system for engineering teams?","team-memory,concepts,engineering","United States","en-US"
"Internal Knowledge Search","Best tools to search everything my engineering team knows","team-memory,internal-search,engineering","United States","en-US"
"Internal Knowledge Search","AI-powered internal knowledge base for code, docs, and tickets","knowledge-base,team-memory,engineering","United States","en-US"
"Internal Knowledge Search","Semantic search for my company's documentation and GitHub repos","semantic-search,documentation,engineering","United States","en-US"
"Agents & Shared Memory","Tools that give AI agents shared memory about my codebase","agents,team-memory,developer-tools","United States","en-US"
"Engineering Workflows & Onboarding","How can I onboard new engineers faster using AI?","onboarding,engineering,ai-assistants","United States","en-US"
"Engineering Workflows & Onboarding","How do I find who owns a service or feature in a large codebase?","ownership,service-catalog,engineering","United States","en-US"
"Engineering Workflows & Onboarding","Best way to trace why a technical decision was made in our system","decisions,governance,engineering","United States","en-US"
"Engineering Workflows & Onboarding","AI tools to help with incident retrospectives and postmortems","incidents,sre,postmortems","United States","en-US"
"Internal Knowledge Search","Search Slack, GitHub, and Notion together to answer engineering questions","internal-search,integrations,engineering","United States","en-US"
"Team Memory Systems","Team memory vs traditional knowledge base: what's the difference?","team-memory,knowledge-base,comparison","United States","en-US"
"Team Memory Systems","Should I build my own RAG stack or use a team memory platform?","rag,team-memory,comparison","United States","en-US"
"Internal Knowledge Search","AI tools that search by meaning, not just keywords, for engineering","semantic-search,engineering,ai-tools","United States","en-US"
"Internal Knowledge Search","Alternatives to maintaining my own vector database for internal search","vector-database,internal-search,infrastructure","United States","en-US"
"Security & Safe AI Access","Best way to give ChatGPT or Claude access to my company's internal knowledge safely","security,privacy,ai-access","United States","en-US"
"Internal Knowledge Search","API for semantic search with citations over my internal docs and code","api,semantic-search,citations","United States","en-US"
"Agents & Shared Memory","How to give AI agents long-term memory about our systems and decisions","agents,team-memory,long-term-memory","United States","en-US"
"Agents & Shared Memory","MCP tools or SDKs for team knowledge search and answer generation","mcp,developer-tools,team-memory","United States","en-US"
"Team Memory Systems","How does a team memory system work under the hood?","team-memory,architecture,engineering","United States","en-US"
"Team Memory Systems","What are examples of team memory tools for engineering teams?","team-memory,tools,engineering","United States","en-US"
"Team Memory Systems","Benefits of a team memory system for distributed engineering teams","team-memory,remote-teams,engineering","United States","en-US"
"Team Memory Systems","How do I evaluate whether my company needs a team memory system?","team-memory,evaluation,engineering","United States","en-US"
"Team Memory Systems","How much does it cost to implement a team memory system for a mid-size engineering org?","team-memory,pricing,engineering","United States","en-US"
"Internal Knowledge Search","Best way to search across GitHub issues, PRs, and documentation at once","internal-search,github,documentation","United States","en-US"
"Internal Knowledge Search","How can I replace Confluence or SharePoint search with something better for engineers?","internal-search,confluence,sharepoint","United States","en-US"
"Internal Knowledge Search","How do I reduce time engineers spend searching for previous decisions?","internal-search,decisions,productivity","United States","en-US"
"Internal Knowledge Search","Internal search tools that show where an answer came from","internal-search,citations,explainability","United States","en-US"
"Internal Knowledge Search","How can I make internal search work well with both code and non-code content?","internal-search,code,documents","United States","en-US"
"Internal Knowledge Search","How do I measure if our internal knowledge search is improving over time?","internal-search,metrics,analytics","United States","en-US"
"Internal Knowledge Search","How to design internal search that works for both engineers and non-technical stakeholders?","internal-search,ux,stakeholders","United States","en-US"
"Engineering Workflows & Onboarding","Playbook for onboarding a senior engineer to a complex monolith","onboarding,engineering,monolith","United States","en-US"
"Engineering Workflows & Onboarding","Best practices for documenting incident timelines for SRE teams","incidents,sre,documentation","United States","en-US"
"Engineering Workflows & Onboarding","How can I give staff engineers fast context on old architectural decisions?","architecture,decisions,context","United States","en-US"
"Engineering Workflows & Onboarding","Tools to help engineering managers answer who worked on this last without pinging people","ownership,management,engineering","United States","en-US"
"Engineering Workflows & Onboarding","How to capture decisions from Slack and bring them into postmortems automatically","decisions,slack,automation","United States","en-US"
"Engineering Workflows & Onboarding","How can I reduce duplicate questions in engineering Slack channels?","slack,knowledge-sharing,productivity","United States","en-US"
"Engineering Workflows & Onboarding","How to document decisions so future engineers understand why we chose this architecture?","decisions,documentation,architecture","United States","en-US"
"Agents & Shared Memory","Best pattern to connect AI agents to my internal documentation safely","agents,documentation,security","United States","en-US"
"Agents & Shared Memory","How do I stop agents from hallucinating about our internal systems?","agents,hallucinations,quality","United States","en-US"
"Agents & Shared Memory","How to let multiple AI agents share context about the same project","agents,shared-memory,collaboration","United States","en-US"
"Agents & Shared Memory","Examples of workflows where AI agents use company memory instead of raw code","agents,workflows,team-memory","United States","en-US"
"Agents & Shared Memory","How can I throttle or control agent access to internal data sources?","agents,rate-limits,governance","United States","en-US"
"Agents & Shared Memory","What is the right architecture for agents that rely on a central memory system?","agents,architecture,team-memory","United States","en-US"
"Agents & Shared Memory","How to log and debug what context an AI agent used to answer a question?","agents,observability,logging","United States","en-US"
"Security & Safe AI Access","How do I keep internal AI search compliant with SOC 2 and security best practices?","security,soc2,compliance","United States","en-US"
"Security & Safe AI Access","What access controls are needed before letting AI read Slack and GitHub?","security,access-control,integrations","United States","en-US"
"Security & Safe AI Access","Best practices for redacting sensitive information from internal AI answers","security,redaction,privacy","United States","en-US"
"Security & Safe AI Access","How to audit which documents an AI assistant used to answer a question","security,audit,traceability","United States","en-US"
"Answer Quality & Citations","How do I measure answer quality for an internal AI assistant?","quality,metrics,ai-assistants","United States","en-US"
"Answer Quality & Citations","What makes an AI answer trustworthy inside an engineering org?","quality,trust,engineering","United States","en-US"
"Answer Quality & Citations","Tools that always show sources for AI answers over internal knowledge","citations,tools,internal-knowledge","United States","en-US"
"Answer Quality & Citations","How can I force AI answers to include citations back to GitHub and docs?","citations,github,documentation","United States","en-US"
"Answer Quality & Citations","How do I evaluate citation faithfulness in an AI knowledge assistant?","citations,faithfulness,evaluation","United States","en-US"
"Answer Quality & Citations","Reducing hallucinations in internal AI assistants that answer engineering questions","hallucinations,internal-search,quality","United States","en-US"
"Hybrid Retrieval & Architecture","What is hybrid retrieval for internal search, and when should I use it?","hybrid-retrieval,internal-search,architecture","United States","en-US"
"Hybrid Retrieval & Architecture","Dense vs lexical search for company knowledge: which is better?","dense-search,lexical-search,comparison","United States","en-US"
"Hybrid Retrieval & Architecture","How to combine embeddings and keyword search for engineering documentation","embeddings,keyword-search,documentation","United States","en-US"
"Hybrid Retrieval & Architecture","Best architecture for internal vector search across many repositories","vector-search,architecture,repositories","United States","en-US"
"Hybrid Retrieval & Architecture","How to handle multiple embedding versions in an internal search system","embeddings,versioning,internal-search","United States","en-US"
"Hybrid Retrieval & Architecture","How to keep internal search fast as my codebase and docs grow","performance,internal-search,scaling","United States","en-US"
"Knowledge Sources & Integrations","How do I connect GitHub, Linear, Slack, and Notion into a single knowledge graph?","integrations,knowledge-graph,engineering","United States","en-US"
"Knowledge Sources & Integrations","Which sources matter most when building an engineering knowledge base?","sources,prioritization,knowledge-base","United States","en-US"
"Knowledge Sources & Integrations","How often should I re-sync external tools into my internal AI memory system?","sync,integrations,team-memory","United States","en-US"
"Knowledge Sources & Integrations","How to prioritize which repositories or workspaces to index first for internal AI search","indexing,prioritization,internal-search","United States","en-US"
"Organizational Change & Adoption","How to roll out an internal AI knowledge assistant without disrupting existing workflows","adoption,change-management,ai-assistants","United States","en-US"
"Organizational Change & Adoption","How do I encourage engineers to trust and use an internal AI assistant?","adoption,trust,engineering","United States","en-US"
"Organizational Change & Adoption","What metrics show that a team memory system is actually working?","metrics,team-memory,impact","United States","en-US"
"Organizational Change & Adoption","How to get leadership buy-in for investing in an internal AI knowledge platform","leadership,buy-in,investment","United States","en-US"
